<?xml version="1.0" encoding="UTF-8"?>
<beans xmlns="http://www.springframework.org/schema/beans"
	xmlns:xsi="http://www.w3.org/2001/XMLSchema-instance" xmlns:context="http://www.springframework.org/schema/context"
	xmlns:mvc="http://www.springframework.org/schema/mvc" xmlns:tx="http://www.springframework.org/schema/tx"
    xmlns:int="http://www.springframework.org/schema/integration"
    xmlns:file="http://www.springframework.org/schema/integration/file"
    xmlns:mail="http://www.springframework.org/schema/integration/mail"
    xmlns:util="http://www.springframework.org/schema/util" 
   	xmlns:aop="http://www.springframework.org/schema/aop"
	xsi:schemaLocation="
		http://www.springframework.org/schema/mvc http://www.springframework.org/schema/mvc/spring-mvc-4.1.xsd
      	http://www.springframework.org/schema/beans http://www.springframework.org/schema/beans/spring-beans.xsd
      	http://www.springframework.org/schema/tx http://www.springframework.org/schema/tx/spring-tx-4.1.xsd
      	http://www.springframework.org/schema/context http://www.springframework.org/schema/context/spring-context-4.1.xsd
        http://www.springframework.org/schema/aop
        http://www.springframework.org/schema/aop/spring-aop-4.1.xsd
	 	http://www.springframework.org/schema/integration
	    http://www.springframework.org/schema/integration/spring-integration-3.0.xsd
	    http://www.springframework.org/schema/integration/file
	    http://www.springframework.org/schema/integration/file/spring-integration-file-3.0.xsd
	    http://www.springframework.org/schema/integration/mail
        http://www.springframework.org/schema/integration/mail/spring-integration-mail-3.0.xsd
        http://www.springframework.org/schema/util 
        http://www.springframework.org/schema/util/spring-util-2.0.xsd
	   	http://www.springframework.org/schema/tx
		http://www.springframework.org/schema/tx/spring-tx-3.1.xsd
		http://www.springframework.org/schema/security
		http://www.springframework.org/schema/security/spring-security-3.2.xsd">

	<!-- context:property-placeholder location="/WEB-INF/config/jdbc.properties,/WEB-INF/config/mybatis.properties" 
		/ -->
	<bean
		class="org.springframework.beans.factory.config.PropertyPlaceholderConfigurer">
		<property name="locations">
			<list>
				<value>/WEB-INF/config/jdbc.properties</value>
				<value>/WEB-INF/config/mybatis.properties</value>
				<value>/WEB-INF/config/application.properties</value>
			</list>
		</property>
		<property name="ignoreUnresolvablePlaceholders" value="true" />
	</bean>
	
	<bean id="userValidator" class="com.tp.stockquote.validator.UserValidator" />
	
	<bean id="balanceValidator" class="com.tp.stockquote.validator.BalanceValidator" />
	
	<bean id="portfolioValidator" class="com.tp.stockquote.validator.PortfolioValidator" />
	
	<bean id="strategyValidator" class="com.tp.stockquote.validator.StrategyValidator" />
	
	<bean id="fileUploadValidator" class="com.tp.stockquote.validator.FileUploadValidator" />
	
	
	<bean id="multipartResolver"
		class="org.springframework.web.multipart.commons.CommonsMultipartResolver" />
		
	<bean id="messageSource"
        class="org.springframework.context.support.ReloadableResourceBundleMessageSource">
        <property name="basename" value="/WEB-INF/config/messages" />
    </bean>
	<mvc:annotation-driven />
	<aop:aspectj-autoproxy />


	<context:component-scan base-package="com.tp.stockquote" />

	<bean id="viewResolver"
		class="org.springframework.web.servlet.view.UrlBasedViewResolver">
		<property name="viewClass">
			<value>
				org.springframework.web.servlet.view.tiles2.TilesView
			</value>
		</property>
	</bean>
	<bean id="tilesConfigurer"
		class="org.springframework.web.servlet.view.tiles2.TilesConfigurer">
		<property name="definitions">
			<list>
				<value>/WEB-INF/tiles.xml</value>
			</list>
		</property>
	</bean>
	<bean
		class="org.springframework.web.servlet.view.InternalResourceViewResolver">
		<property name="prefix" value="/WEB-INF/jsp/" />
		<property name="suffix" value=".jsp" />
	</bean>
	<bean
		class="org.springframework.web.servlet.handler.SimpleMappingExceptionResolver">
		<property name="exceptionMappings">
			<props>
				<prop key="com.tp.stockquote.exception.SpringException">
					ExceptionPage
				</prop>
			</props>
		</property>
		<property name="defaultErrorView" value="failure" />
	</bean>
	<bean id="vendorProperties"
		class="org.springframework.beans.factory.config.PropertiesFactoryBean">
		<property name="properties">
			<props>
				<prop key="SQL Server">sqlserver</prop>
				<prop key="DB2">db2</prop>
				<prop key="Oracle">oracle</prop>
				<prop key="MySQL">mysql</prop>
			</props>
		</property>
	</bean>
	<bean id="databaseIdProvider" class="org.apache.ibatis.mapping.VendorDatabaseIdProvider">
		<property name="properties" ref="vendorProperties" />
	</bean>
	<!-- Outgoing database configuration -->
	<bean id="dataSourceOutgoing"
		class="org.springframework.jdbc.datasource.DriverManagerDataSource">
		<property name="driverClassName" value="${app.mysql.jdbc.driverClassName}" />
		<property name="url" value="${sm.app.mysql.jdbc.url}" />
		<property name="username" value="${sm.app.mysql.jdbc.username}" />
		<property name="password" value="${sm.app.mysql.jdbc.password}" />
	</bean>
	<tx:annotation-driven transaction-manager="transactionManagerOutgoing" />
	<bean id="transactionManagerOutgoing"
		class="org.springframework.jdbc.datasource.DataSourceTransactionManager">
		<property name="dataSource" ref="dataSourceOutgoing" />
	</bean>
	<bean id="sqlSessionFactoryOutgoing" class="org.mybatis.spring.SqlSessionFactoryBean">
		<property name="dataSource" ref="dataSourceOutgoing" />
		<!-- property name="typeAliasesPackage" value="com.github.elizabetht.model" 
			/ -->
		<property name="databaseIdProvider" ref="databaseIdProvider" />
		<property name="configLocation" value="WEB-INF/config/sqlmap-config.xml" />
		<!-- property name="mapperLocations" value="classpath*:com/github/elizabetht/mappers/*.xml"/ -->
	</bean>
	<bean id="sqlSessionOutgoing" class="org.mybatis.spring.SqlSessionTemplate">
		<constructor-arg index="0" ref="sqlSessionFactoryOutgoing" />
	</bean>
	<bean id="sqlMapperOutgoing" class="org.mybatis.spring.mapper.MapperScannerConfigurer">
		<property name="basePackage" value="com.mj.messagegateway.dao" />
		 <property name="sqlSessionFactoryBeanName" value="sqlSessionFactoryOutgoing" />
	</bean>
	<!-- End of database configuration file -->
	
	<!-- Incoming database configuration -->
	<bean id="dataSourceIncoming"
		class="org.springframework.jdbc.datasource.DriverManagerDataSource">
		<property name="driverClassName" value="${app.mysql.jdbc.driverClassName}" />
		<property name="url" value="${sm.app.mysql.jdbc.url}" />
		<property name="username" value="${sm.app.mysql.jdbc.username}" />
		<property name="password" value="${sm.app.mysql.jdbc.password}" />
	</bean>
	<tx:annotation-driven transaction-manager="transactionManagerIncoming" />
	<bean id="transactionManagerIncoming"
		class="org.springframework.jdbc.datasource.DataSourceTransactionManager">
		<property name="dataSource" ref="dataSourceIncoming" />
	</bean>
	<bean id="sqlSessionFactoryIncoming" class="org.mybatis.spring.SqlSessionFactoryBean">
		<property name="dataSource" ref="dataSourceIncoming" />
		<!-- property name="typeAliasesPackage" value="com.github.elizabetht.model" 
			/ -->
		<property name="databaseIdProvider" ref="databaseIdProvider" />
		<property name="configLocation" value="WEB-INF/config/sqlmap-config.xml" />
		<!-- property name="mapperLocations" value="classpath*:com/github/elizabetht/mappers/*.xml"/ -->
	</bean>
	<bean id="sqlSessionIncoming" class="org.mybatis.spring.SqlSessionTemplate">
		<constructor-arg index="0" ref="sqlSessionFactoryIncoming" />
	</bean>
	<bean id="sqlMapperIncoming" class="org.mybatis.spring.mapper.MapperScannerConfigurer">
		<property name="basePackage" value="com.tp.stockquote.dao" />
		<property name="sqlSessionFactoryBeanName" value="sqlSessionFactoryIncoming" />
	</bean>
	<!-- End of Incoming database configuration file -->
	<!-- For Sending Mail -->
     
    <util:properties id="javaMailPropertiesForMailSend">
	    <prop key="mail.debug">true</prop>
	    <prop key="mail.smtps.auth">true</prop>
	    <prop key="mail.smtp.starttls.enable">true</prop>
	</util:properties>

    <int:channel id="inputChannel"/>

	<int:chain input-channel="inputChannel">
	    <mail:header-enricher>
	        <mail:to value="${mail.send.to}"/>
	        <mail:from value="${mail.send.from}"/>       
	        <mail:content-type value="${mail.send.contentType}"/>
	    </mail:header-enricher>
	    <mail:outbound-channel-adapter mail-sender="mailSender"/>
	</int:chain>

	<bean id="mailSender" class="org.springframework.mail.javamail.JavaMailSenderImpl">
		<property name="host" value="${mail.send.host}" />
		<property name="port" value="${mail.send.port}" />
		<property name="username" value="${mail.send.username}" />
		<property name="password" value="${mail.send.password}" />
		<property name="javaMailProperties" value="javaMailPropertiesForMailSend" />
	</bean>
	 
    <!-- For Sending Mail -->
    
    <!-- For Sending Customized Mail -->
     
    <int:channel id="inputChannelCustomizedMail"/>
     
    <int:chain input-channel="inputChannelCustomizedMail">
	    <mail:header-enricher>	       
	        <mail:from value="${cutomizedMail.send.from}"/>
	        <mail:content-type value="${mail.send.contentType}"/>
	    </mail:header-enricher>
	    <mail:outbound-channel-adapter mail-sender="cutomizedMailSender"/>
	</int:chain>

	<bean id="cutomizedMailSender" class="org.springframework.mail.javamail.JavaMailSenderImpl">
		<property name="host" value="${mail.send.host}" />
		<property name="port" value="${mail.send.port}" />
		<property name="username" value="${mail.send.username}" />
		<property name="password" value="${mail.send.password}" />
		<property name="javaMailProperties" value="javaMailPropertiesForMailSend" />
	</bean>
	
	<bean id="velocityEngine" class="org.springframework.ui.velocity.VelocityEngineFactoryBean">
        <property name="velocityProperties">
        <props>
            <prop key="resource.loader">class</prop>
            <prop key="class.resource.loader.class">
                org.apache.velocity.runtime.resource.loader.ClasspathResourceLoader
            </prop>
        </props>
    </property>
    </bean>
    
    <!-- Aspect -->
	<bean id="logAspect" class="com.tp.stockquote.advice.MailAdvice" />
	
	
	
</beans>