<?xml version="1.0" encoding="UTF-8"?>
<!DOCTYPE configuration
PUBLIC "-//mybatis.org//DTD Config 3.0//EN"
"http://mybatis.org/dtd/mybatis-3-config.dtd">

<configuration>
    <settings>
        <!-- changes from the defaults -->
       <setting name="lazyLoadingEnabled" value="false" />
    </settings>
    <typeAliases>
        <typeAlias type="com.tp.stockquote.dto.User" alias="user"/>
        <typeAlias type="com.tp.stockquote.dto.UserLogin" alias="userLogin"/>
        <typeAlias type="com.tp.stockquote.dto.PortfolioObject" alias="portfolio"/>
        <typeAlias type="com.tp.stockquote.dto.TransactionObject" alias="transaction"/>
        <typeAlias type="com.tp.stockquote.dto.StockObject" alias="stock"/>
        <typeAlias type="com.tp.stockquote.dto.StrategyObject" alias="strategy"/>
        <typeAlias type="com.tp.stockquote.dto.BalanceObject" alias="balance"/>
        <typeAlias type="com.tp.stockquote.dto.StockGroup" alias="stockgroup"/>
        <typeAlias type="com.tp.stockquote.dto.WatchlistObject" alias="watchlist"/>
        <typeAlias type="com.tp.stockquote.dto.LedgerObject" alias="ledger"/>
        <typeAlias type="com.tp.stockquote.dto.TradingMode" alias="tradingmode"/>
        <typeAlias type="com.tp.stockquote.dto.MacdObject" alias="macd"/>
        <typeAlias type="com.tp.stockquote.dto.CommentObject" alias="comment"/>
        <typeAlias type="com.tp.stockquote.dto.LedgerObject" alias="ledger"/>
        <typeAlias type="com.tp.stockquote.dto.ScreenerObject" alias="screener"/>
        <typeAlias type="com.tp.stockquote.dto.ChartObject" alias="chart"/>
        <typeAlias type="com.tp.stockquote.dto.AdxObject" alias="adx"/>
        <typeAlias type="com.tp.stockquote.dto.MacdObject" alias="macd"/>
        
    </typeAliases>
    <mappers>
  	   <mapper resource="com/tp/stockquote/persistance/UserMapper.xml"/>
  	   <mapper resource="com/tp/stockquote/persistance/portfolio.xml"/>
  	   <mapper resource="com/tp/stockquote/persistance/stock.xml"/>
  	   <mapper resource="com/tp/stockquote/persistance/strategy.xml"/>
  	   <mapper resource="com/tp/stockquote/persistance/balance.xml"/>
  	   <mapper resource="com/tp/stockquote/persistance/watchlist.xml"/>
  	   <mapper resource="com/tp/stockquote/persistance/ledger.xml"/>
  	   <mapper resource="com/tp/stockquote/persistance/screener.xml"/>
  	   <mapper resource="com/tp/stockquote/persistance/chart.xml"/>
    </mappers>
</configuration>