<?xml version="1.0" encoding="UTF-8" ?>  
<!DOCTYPE tiles-definitions PUBLIC  
       "-//Apache Software Foundation//DTD Tiles Configuration 2.0//EN"  
       "http://tiles.apache.org/dtds/tiles-config_2_0.dtd">  
<tiles-definitions>  
    <definition name="base.definition"  
        template="/WEB-INF/jsp/layout.jsp">  
        <put-attribute name="title" value="" />  
        <put-attribute name="header" value="/WEB-INF/jsp/header.jsp" />  
        <put-attribute name="menu" value="/WEB-INF/jsp/menu.jsp" />  
        <put-attribute name="stocktransaction" value="" /> 
        <put-attribute name="info" value="/WEB-INF/jsp/infopanel.jsp" />   
        <put-attribute name="body" value="" />  
        <put-attribute name="footer" value="/WEB-INF/jsp/footer.jsp" />  
        
    </definition>  
    
  
    <definition name="login" extends="base.definition">  
        <put-attribute name="title" value="Log In" />  
        <put-attribute name="menu" value="" />
        <put-attribute name="body" value="/WEB-INF/jsp/login.jsp" />  
    </definition>  
    
    <definition name="loginsuccess" extends="base.definition">  
        <put-attribute name="title" value="Success" />  
        <put-attribute name="body" value="/WEB-INF/jsp/successlogin.jsp" />  
    </definition>  
    
    <definition name="logoutsuccess" extends="base.definition">  
        <put-attribute name="title" value="Success" />  
        <put-attribute name="menu" value="" />  
        <put-attribute name="body" value="/WEB-INF/jsp/successlogout.jsp" />  
    </definition>  
    
    <definition name="failure" extends="base.definition">  
        <put-attribute name="title" value="Something Went Wrong" />  
        <put-attribute name="body" value="/WEB-INF/jsp/failure.jsp" />  
    </definition>  
    
    <definition name="signup" extends="base.definition">  
        <put-attribute name="title" value="Hello Spring MVC" />  
        <put-attribute name="menu" value="" />  
        <put-attribute name="body" value="/WEB-INF/jsp/signup.jsp" />  
    </definition> 
    <definition name="signupsuccess" extends="base.definition">  
        <put-attribute name="title" value="SignUp Success" />  
        <put-attribute name="menu" value="" />  
        <put-attribute name="body" value="/WEB-INF/jsp/signupsuccess.jsp" />  
    </definition> 
     <definition name="index" extends="base.definition">  
        <put-attribute name="title" value="Hello Spring MVC" />  
        <put-attribute name="body" value="/WEB-INF/jsp/index.jsp" />  
    </definition>
    <definition name="createportfolio" extends="base.definition">  
        <put-attribute name="title" value="Create Portfolio" />  
        <put-attribute name="body" value="/WEB-INF/jsp/createportfolio.jsp" />  
    </definition>  
    <definition name="portfoliolist" extends="base.definition">  
        <put-attribute name="title" value="Portfolio List" />  
        <put-attribute name="body" value="/WEB-INF/jsp/portfoliolist.jsp" />  
    </definition>   
    <definition name="balanceshow" extends="base.definition">  
        <put-attribute name="title" value="Portfolio List" />  
        <put-attribute name="body" value="/WEB-INF/jsp/balanceshow.jsp" />  
    </definition>  
    <definition name="balanceadd" extends="base.definition">  
        <put-attribute name="title" value="Portfolio List" />  
        <put-attribute name="body" value="/WEB-INF/jsp/addbalance.jsp" />  
    </definition> 
     
    <definition name="strategylist" extends="base.definition">  
        <put-attribute name="title" value="Strategies" />  
        <put-attribute name="body" value="/WEB-INF/jsp/strategylist.jsp" />  
    </definition> 
    <definition name="createstrategy" extends="base.definition">  
        <put-attribute name="title" value="Create Strategy" />  
        <put-attribute name="body" value="/WEB-INF/jsp/createstrategy.jsp" />  
    </definition> 
    <definition name="editstrategy" extends="base.definition">  
        <put-attribute name="title" value="Create Strategy" />  
        <put-attribute name="body" value="/WEB-INF/jsp/createstrategy.jsp" />  
    </definition> 
    <definition name="createmode" extends="base.definition">  
        <put-attribute name="title" value="Portfolio List" />  
        <put-attribute name="body" value="/WEB-INF/jsp/createtradingmode.jsp" />  
    </definition>  
    <definition name="addtradingmodevalues" extends="base.definition">  
        <put-attribute name="title" value="Portfolio List" />  
        <put-attribute name="body" value="/WEB-INF/jsp/addtradingmodevalues.jsp" />  
    </definition>  
    <definition name="addgroupwiseallocation" extends="base.definition">  
        <put-attribute name="title" value="Portfolio List" />  
        <put-attribute name="body" value="/WEB-INF/jsp/addgroupwiseallocationvalues.jsp" />  
    </definition>    
    <definition name="showreport" extends="base.definition">  
        <put-attribute name="title" value="Portfolio List" />  
        <put-attribute name="body" value="/WEB-INF/jsp/report.jsp" />  
    </definition>     
    <definition name="showledger" extends="base.definition">  
        <put-attribute name="title" value="Show Ledger" />  
        <put-attribute name="body" value="/WEB-INF/jsp/ledger.jsp" />  
    </definition>  
    <definition name="smartportfolio" extends="base.definition">  
        <put-attribute name="title" value="Show Ledger" />  
        <put-attribute name="body" value="/WEB-INF/jsp/smartportfolio.jsp" />  
    </definition> 
    <definition name="smartportfolioview" extends="base.definition">  
        <put-attribute name="title" value="Show Ledger" />  
        <put-attribute name="body" value="/WEB-INF/jsp/smartportfolioview.jsp" />  
    </definition> 
    <definition name="earlymorning" extends="base.definition">  
        <put-attribute name="title" value="Show Ledger" />  
        <put-attribute name="body" value="/WEB-INF/jsp/earlymorning.jsp" />  
    </definition> 
    <definition name="screenerlist" extends="base.definition">  
        <put-attribute name="title" value="Show Ledger" />  
        <put-attribute name="body" value="/WEB-INF/jsp/screenerlist.jsp" />  
    </definition> 
    <definition name="screenerresult" extends="base.definition">  
        <put-attribute name="title" value="Show Ledger" />  
        <put-attribute name="body" value="/WEB-INF/jsp/screenerresult.jsp" />  
    </definition> 
    <definition name="showchart" extends="base.definition">  
        <put-attribute name="title" value="Chart" />  
        <put-attribute name="body" value="/WEB-INF/jsp/getchart.jsp" />  
    </definition> 
    
    <definition name="positionlist" extends="base.definition">  
        <put-attribute name="title" value="Holdings" />  
        <put-attribute name="stocktransaction" value="/WEB-INF/jsp/stockTransactionPanel.jsp" /> 
        <put-attribute name="body" value="/WEB-INF/jsp/positions.jsp" />  
    </definition>   

  
</tiles-definitions>  