<?xml version="1.0" encoding="UTF-8"?>
<!DOCTYPE mapper PUBLIC "-//mybatis.org//DTD Mapper 3.0//EN"
"http://mybatis.org/dtd/mybatis-3-mapper.dtd">

<mapper namespace="com.tp.stockquote.dao.BalanceDao">

	<resultMap id="balanceMap" type="balance">
		<result property="id" column="balanceid" />
		<result property="balance" column="amount" />
		<result property="modeBalance" column="modeAmount" />
		<result property="createDate" column="createdate" />
		<result property="updateDate" column="updatedate" />
		<association property="userObject" resultMap="userMap"></association>
	</resultMap>

	<resultMap id="userMap" type="user">
		<result property="userId" column="userid" />
	</resultMap>
	
	<select id="selectBalance" statementType="CALLABLE"
		parameterType="java.util.Map">
		{call PROCEDURE_USER_DETAILS(
		#{P_USERID, jdbcType=INTEGER,javaType=java.lang.Integer, mode=IN},
		#{V_BALANCE , jdbcType=DECIMAL, javaType=java.lang.Double, mode=OUT,
		resultMap=balanceMap},
		#{V_MODE_BALANCE , jdbcType=DECIMAL, javaType=java.lang.Double, mode=OUT,
		resultMap=balanceMap},
		#{V_MARGINUSED , jdbcType=DECIMAL, javaType=java.lang.Double, mode=OUT,
		resultMap=balanceMap},
		#{V_TOTALPROFIT , jdbcType=DECIMAL, javaType=java.lang.Double, mode=OUT,
		resultMap=balanceMap},
		#{errorCode , jdbcType=INTEGER, javaType=java.lang.Integer, mode=OUT,
		resultMap=balanceMap})}
	</select>
	

	<select id="insertBalance" statementType="CALLABLE"
		parameterType="java.util.Map">
		{call PROCEDURE_BALANCE_TRANSACTION(
		#{P_USERID, jdbcType=INTEGER,javaType=java.lang.Integer, mode=IN},
		#{P_AMOUNT , jdbcType=DECIMAL, javaType=java.lang.Double, mode=IN},
		#{P_MODEAMOUNT , jdbcType=DECIMAL, javaType=java.lang.Double, mode=IN},
		#{P_TRANTYPE , jdbcType=INTEGER,javaType=java.lang.Integer, mode=IN},
		#{P_ACCOUNTTYPE , jdbcType=INTEGER,javaType=java.lang.Integer, mode=IN},
		#{errorCode , jdbcType=INTEGER, javaType=java.lang.Integer, mode=OUT,
		resultMap=balanceMap})}
	</select>

</mapper>