<?xml version="1.0" encoding="UTF-8"?>
<!DOCTYPE mapper PUBLIC "-//mybatis.org//DTD Mapper 3.0//EN"
"http://mybatis.org/dtd/mybatis-3-mapper.dtd">

<mapper namespace="com.tp.stockquote.dao.ChartDao">

	<resultMap id="macdMap" type="macd">
		<result property="macdValue" column="macdvalue"/>
		<result property="createDate" column="createdate"/>
		<result property="signalLineValue" column="emavalue"/>
	</resultMap>
	<resultMap id="adxMap" type="adx">
		<result property="sequence" column="sequence"/>
		<result property="adxValue" column="value"/>
	</resultMap>
	<resultMap id="chartMap" type="chart">
		<result property="high" column="high" />
		<result property="low" column="low" />
		<result property="close" column="close" />
		<result property="open" column="open" />
		<result property="createDate" column="createdate" />
		<result property="volume" column="volume" />
	</resultMap>
	
	<select id="selectMacdValues" resultType="double">
		select macdvalue from macd m where m.stockid=#{stockid} and m.shortperiod=#{macd.shortPeriod} and m.longperiod=#{macd.longPeriod} and m.timeframeId=#{macd.timeframeId}
	</select>
	<select id="selectSignalValues"  resultType="double">
		SELECT emavalue FROM ema e inner join macdemamapping me on me.emaid=e.emaid inner join macd m on m.macdid=me.macdid where m.stockid=#{stockid} and m.shortperiod=#{macd.shortPeriod} and m.longperiod=#{macd.longPeriod} and m.timeframeId=#{macd.timeframeId} group by e.sequence
	</select>
	<select id="selectCurrentAdxValues" resultMap="adxMap">
		SELECT a.sequence,a.value FROM adx a where a.stockid=#{stockid} and period=14 and timeframeId=5 order by sequence
	</select>
	<select id="selectCharts" resultMap="chartMap">
		select createdate,high,low,close,open,volume from tickdata where stockid=#{stockid}
	</select>

</mapper>