<?xml version="1.0" encoding="UTF-8"?>
<!DOCTYPE mapper PUBLIC "-//mybatis.org//DTD Mapper 3.0//EN"
"http://mybatis.org/dtd/mybatis-3-mapper.dtd">

<mapper namespace="com.tp.stockquote.dao.PortfolioDao">

	<resultMap id="portfolioMap" type="portfolio">
		<result property="portfolioId" column="portfolioid" />
		<result property="portfolioName" column="name" />
		<result property="currencyId" column="currencyId" />
		<result property="enableMailAlert" column="trackportfolio" />
		<result property="createDate" column="createdate" />
		<association property="user" resultMap="userMap" />
	</resultMap>

	<resultMap id="transactionMap" type="transaction">
		<result property="transactionId" column="transactionid" />
		<result property="positionType" column="holdingtypeid" />
		<result property="quantity" column="quantity" />
		<result property="amount" column="price" />
		<result property="transactionType" column="transactiontypeid" />
		<result property="createDate" column="createdate" />
		<result property="exchangeId" column="exchangeid" />
		<association property="stockObject" resultMap="stockMap" />
	</resultMap>

	<resultMap id="stockMap" type="stock">
		<result property="stockid" column="stockid" />
		<result property="lastPrice" column="lastprice" />
		<result property="symbol" column="code" />
		<result property="exchange" column="exchangename" />
		<result property="group" column="groupname" />
	</resultMap>

	<resultMap id="stockgroupMap" type="stockgroup">
		<result property="groupid" column="stockid" />
		<result property="code" column="lastprice" />
		<result property="name" column="code" />
		<result property="allocationPercent" column="exchangename" />
		<result property="userid" column="groupname" />
		<result property="modeid" column="groupname" />
	</resultMap>
	
	<resultMap id="macdMap" type="macd">
		<result property="macdId" column="macdid" />
		<result property="stockid" column="stockid" />
		<result property="macdValue" column="macdvalue" />
		<result property="signalLineValue" column="emavalue" />
		<result property="createDate" column="createdate" />
		<result property="shortPeriod" column="shortperiod" />
		<result property="longPeriod" column="longperiod" />
		<result property="signalPeriod" column="signalperiod" />
		<result property="timeframeId" column="timeframeid" />
	</resultMap>
	
	<resultMap  id="ledgerMap" type="ledger">
		<result property="ledgerId" column="ledgerid" />
		<result property="amount" column="amount" />
		<result property="description" column="description" />
		<result property="createId" column="createid" />
		<result property="createDate" column="createdate" />
		<result property="transactionType" column="trantype" />
		<result property="accountType" column="accounttype" />
	</resultMap>

	<resultMap id="userMap" type="user">
		<result property="userId" column="createid" />
	</resultMap>

	<select id="insertPortfolio" statementType="CALLABLE"
		parameterType="java.util.Map">
		{call PROCEDURE_PORTFOLIO_INSERT(
		#{name,
		jdbcType=VARCHAR,javaType=java.lang.String, mode=IN},
		#{createid,
		jdbcType=INTEGER, javaType=java.lang.Integer, mode=IN},
		#{currencyid,
		jdbcType=INTEGER, javaType=java.lang.Integer, mode=IN},
		#{trackportfolio, jdbcType=VARCHAR, javaType=java.lang.String,
		mode=IN},
		#{portfolioid , jdbcType=INTEGER, javaType=java.lang.Integer,
		mode=OUT, resultMap=portfolioMap})}
	</select>

	<select id="insertPortfolioAttributes" statementType="CALLABLE"
		parameterType="java.util.Map">
		{call PROCEDURE_INSERTORMODIFYPORTFOLIOATTR(
		#{portfolioid, jdbcType=INTEGER,javaType=java.lang.Integer, mode=IN},
		#{attrid, jdbcType=INTEGER, javaType=java.lang.Integer, mode=IN},
		#{attrval, jdbcType=VARCHAR, javaType=java.lang.String, mode=IN},
		#{errorCode , jdbcType=INTEGER, javaType=java.lang.Integer, mode=OUT,
		resultMap=portfolioMap})}
	</select>

	<select id="selectAdditionalPortfolioDetails" statementType="CALLABLE"
		parameterType="java.util.Map">
		{call PORCEDURE_PORTFOLIODETAILS(
		#{P_PORTFOLIOID,
		jdbcType=INTEGER,javaType=java.lang.Integer, mode=IN},
		#{stockCount ,
		jdbcType=INTEGER, javaType=java.lang.Integer, mode=OUT,
		resultMap=portfolioMap},
		#{profit , jdbcType=DECIMAL,
		javaType=java.lang.Double, mode=OUT, resultMap=portfolioMap},
		#{numberOfgain , jdbcType=INTEGER, javaType=java.lang.Integer,
		mode=OUT, resultMap=portfolioMap},
		#{numberOfloss , jdbcType=INTEGER,
		javaType=java.lang.Integer, mode=OUT, resultMap=portfolioMap},
		#{numberOfUnsettled , jdbcType=INTEGER, javaType=java.lang.Integer,
		mode=OUT, resultMap=portfolioMap},
		#{errorcode , jdbcType=INTEGER,
		javaType=java.lang.Integer, mode=OUT, resultMap=portfolioMap})}
	</select>



	<select id="selectTransactionByPortfolio" resultMap="transactionMap">
		SELECT   t.transactionid,t.stockid,s.name as stockname,s.code
		,se.exchangename,g.name
		as groupname,t.quantity,
		t.price,t.holdingtypeid,t.transactiontypeid,t.createid,t.createdate,ti.lastprice,ts.strategyid
		FROM transaction t
		inner join portfoliotranmapping pt on
		t.transactionid=pt.transactionid
		inner join stockdetails s on s.stockid=t.stockid
		inner join tickdata ti on ti.stockid=s.stockid
		inner join stockexchange se on se.exchangeid=s.exchangeid
		inner join stockgroup g on g.groupid=s.groupid
		left join transactionstrategymapping ts on ts.transactionid=t.transactionid
		 where  t.createid=#{user.userId} and 
		pt.portfolioid=#{portfolioId}  and ti.createdate =(select max(t2.createdate) from tickdata t2 where t2.stockid=t.stockid) 
		<if test="strategyId!=0">
			and ts.strategyid=#{strategyId}
		</if>
		<if test="fromDate!=null and toDate!=null">
			and date(t.createdate) between #{fromDate} and #{toDate}
		</if>
		
		<if test="includeHistory==true">
			union
			SELECT  t.transactionid,t.stockid,s.name as stockname,s.code
			,se.exchangename,g.name
			as groupname,t.quantity,
			t.price,t.holdingtypeid,t.transactiontypeid,t.createid,t.createdate,ti.lastprice,ts.strategyid
			FROM transaction_h t
			inner join portfoliotranmapping_h pt on
			t.transactionid=pt.transactionid
			inner join stockdetails s on s.stockid=t.stockid
			inner join tickdata ti on ti.stockid=s.stockid
			inner join stockexchange se on se.exchangeid=s.exchangeid
			inner join stockgroup g on g.groupid=s.groupid 
			left join transactionstrategymapping ts on ts.transactionid=t.transactionid
			where  t.createid=#{user.userId} and
			pt.portfolioid=#{portfolioId}  and ti.createdate =(select max(t2.createdate) from tickdata t2 where t2.stockid=t.stockid) 
			<if test="fromDate!=null and toDate!=null">
			and date(t.createdate) between #{fromDate} and #{toDate} 
			</if>
		</if>
		order by stockname,exchangename
	</select>

	<select id="selectAllPortfolio" resultMap="portfolioMap">
		select * from portfolio p where createid =#{user.userId} AND name !=
		'POSITIONS' 
		<if test="portfolioName != '' and portfolioName != null">
			AND name like #{portfolioName}
		</if>
		<if test="fromDate != null and toDate != null">
			AND createdate between #{fromDate} and #{toDate}
		</if>
	</select>

	<select id="selectPortfolio" resultMap="portfolioMap">
		select * from
		portfolio p where p.createid=#{user.userId} and name like  #{portfolioName} or portfolioid=#{portfolioId}  
	</select>

	<select id="selectGroupWiseAllocation" resultMap="stockgroupMap">

	</select>

	<select id="selectGroupCountByPortfolio" resultType="integer">
		select
		count(code) from(select code from(select s.code,if(t.transactiontypeid
		=1,sum(t.quantity),sum(-t.quantity))as qty,t.transactiontypeid from
		portfolio p inner join portfoliotranmapping pt on
		p.portfolioid=pt.portfolioid left join transaction t on
		t.transactionid=pt.transactionid inner join stockdetails s on
		s.stockid=t.stockid inner join stockgroup sg on sg.groupid=s.groupid
		where  p.createid=#{user.userId} and sg.groupid=#{groupId} and p.portfolioid=#{portfolioId} group by
		s.stockid,t.transactiontypeid) a group by code having sum(qty)!=0)b
	</select>

	<select id="selectAttributesByPortfolioid" resultType="hashmap">
		select
		a.name as attrname, av.value from attribute a inner join attrval av on
		a.attributeid=av.attributeid inner join portfolioattrmapping pa on
		pa.attrvalid=av.attrvalid inner join portfolio p on
		p.portfolioid=pa.portfolioid where p.createid=#{user.userId} and p.portfolioid=#{portfolioId}
	</select>

	<select id="insertStockToPortfolio" statementType="CALLABLE"
		parameterType="java.util.Map">
		{call PROCEDURE_INSERTTRANSACTIONDATA(
		#{STOCKID, jdbcType=INTEGER,javaType=java.lang.Integer, mode=IN},
		#{POSITIONTYPE, jdbcType=INTEGER, javaType=java.lang.Integer, mode=IN},
		#{TRANTYPE, jdbcType=INTEGER, javaType=java.lang.Integer, mode=IN},
		#{QUANTITY, jdbcType=INTEGER, javaType=java.lang.Integer, mode=IN},
		#{AMOUNT, jdbcType=DECIMAL, javaType=java.lang.Double, mode=IN},
		#{STOPLOSS, jdbcType=DECIMAL, javaType=java.lang.Double, mode=IN},
		#{USERID, jdbcType=INTEGER, javaType=java.lang.Integer, mode=IN},
		#{PORTFOLIOID, jdbcType=INTEGER, javaType=java.lang.Integer, mode=IN},
		#{STRATEGYID, jdbcType=INTEGER, javaType=java.lang.Integer, mode=IN},
		#{STRATEGYDESCRIPTION, jdbcType=VARCHAR, javaType=java.lang.String, mode=IN},
		#{tranId , jdbcType=INTEGER, javaType=java.lang.Integer, mode=OUT, resultMap=portfolioMap},
		#{errorCode , jdbcType=INTEGER, javaType=java.lang.Integer, mode=OUT,
		resultMap=portfolioMap})}
	</select>

	<select id="selectTransactions" resultMap="transactionMap">
		select t.transactionid,t.price,t.quantity,t.createdate,t.transactiontypeid,pt.exchangeid from transaction t inner join portfoliotranmapping pt on pt.transactionid=t.transactionid inner join stockdetails s on s.stockid=t.stockid where t.createid=#{user.userId} and pt.portfolioid=#{portfolioId} and pt.exchangeid=#{exchangeId}
		<if test="exchangeId==1">
			and s.alternatecode=#{stockCode}
		</if> 
		<if test="exchangeId==2">
			and s.code=#{stockCode}
		</if> 
	</select>
	
	
	<select id="editTransaction" statementType="CALLABLE"
		parameterType="java.util.Map">
		{call PROCEDURE_EDIT_TRANSACTION(
		#{P_CREATEDATE, jdbcType=TIMESTAMP,javaType=java.util.Date, mode=IN},
		#{P_QUANTITY, jdbcType=INTEGER, javaType=java.lang.Integer, mode=IN},
		#{P_PRICE, jdbcType=DECIMAL, javaType=java.lang.Double, mode=IN},
		#{P_TRANID, jdbcType=INTEGER, javaType=java.lang.Integer, mode=IN},
		#{errorCode , jdbcType=INTEGER, javaType=java.lang.Integer, mode=OUT,
		resultMap=portfolioMap})}
	</select>
	
	<select id="setLast5DayMacdList" resultMap="macdMap">
		select m.createdate,macdvalue from macd m where m.stockid=#{stockid} and m.shortperiod=#{shortPeriod} and m.longperiod=#{longPeriod} and m.timeframeid=#{timeframeId} order by createdate desc limit 1
	</select>
	<select id="setLast5DaySignalList" resultMap="macdMap">
		SELECT e.createdate,emavalue FROM ema e inner join macdemamapping me on me.emaid=e.emaid inner join macd m on m.macdid=me.macdid where m.stockid=#{stockid} and m.shortperiod=#{shortPeriod} and m.longperiod=#{longPeriod} and m.timeframeid=#{timeframeId} order by createdate desc limit 1
	</select>
	
	<select id="selectLedgerList" resultMap="ledgerMap">
		select * from ledger where createid=#{userId}
	</select>

</mapper>