<?xml version="1.0" encoding="UTF-8"?>
<!DOCTYPE mapper PUBLIC "-//mybatis.org//DTD Mapper 3.0//EN"
"http://mybatis.org/dtd/mybatis-3-mapper.dtd">

<mapper namespace="com.tp.stockquote.dao.ScreenerDao">
	<resultMap id="screenerMap" type="screener">
		<id property="screenerId" column="screenerid" />
		<result property="masterScreenerId" column="masterscreenerid" />
		<result property="title" column="title" />
		<result property="description" column="description" />
		<result property="status" column="status" />
		<result property="createId" column="screenerid" />
		<result property="signalDate" column="signaldate" />
		<result property="imageUrl" column="imageurl" />
		<association property="stockObject" column="stockid" resultMap="stockMap"/>
	</resultMap>
	
	<resultMap id="stockMap" type="stock">
		<id property="stockid" column="stockid" />
		<result property="symbol" column="code" />
		<result property="name" column="name" />
		<result property="createDate" column="createdate" />
		<result property="exchange" column="exchangename" />
		<result property="group" column="groupname" />
	</resultMap>
	
	
	<select id="selectAllMasterScreeners" resultMap="screenerMap">
		SELECT * FROM screenermaster where screenerid=masterscreenerid;
	</select>
	<select id="selectScreenerByScreenerId" resultMap="screenerMap">
		SELECT * FROM screenermaster where screenerid=#{screenerId};
	</select>
	<select id="selectAllScreenersByMasterScreenerId" resultMap="screenerMap">
		SELECT sm2.screenerid,sm2.title,sm2.description,sm2.masterscreenerid FROM screenermaster sm1 inner join screenermaster sm2 on sm1.screenerid=sm2.masterscreenerid  where sm1.screenerid=#{screenerId}  and sm2.screenerid!=#{screenerId};
	</select>
	<select id="selectScreenersByScreenerId" resultMap="screenerMap">
		select s.stockid,s.code,s.name,e.exchangename,g.name groupname,signaldate from stockdetails s
		inner join screener sc on s.stockid=sc.stockid 
		inner join stockexchange e on e.exchangeid=s.exchangeid
		inner join stockgroup g on g.groupid=s.groupid
		where sc.screenerid=#{screenerId} order by signaldate desc
	</select>
	

</mapper>