<?xml version="1.0" encoding="UTF-8"?>
<!DOCTYPE mapper PUBLIC "-//mybatis.org//DTD Mapper 3.0//EN"
"http://mybatis.org/dtd/mybatis-3-mapper.dtd">

<mapper namespace="com.tp.stockquote.dao.StockDao">

	<resultMap id="stockMap" type="stock">
		<result property="stockid" column="stockid" />
		<result property="symbol" column="code" />
		<result property="name" column="name" />
		<result property="createDate" column="createdate" />
		<result property="exchange" column="exchangename" />
		<result property="group" column="groupname" />
	</resultMap>
	
	<resultMap id="tradingModeMap" type="tradingmode">
		<result property="modeid" column="modeid" />
		<result property="name" column="modename" />
		<result property="createdate" column="createdate" />
		<result property="exchange" column="exchangename" />
		<result property="allocationPercentage" column="allocationpercent" />
		<result property="userid" column="userid" />
	</resultMap>
	
	<resultMap id="stockgroupMap" type="stockgroup">
		<result property="groupid" column="groupid" />
		<result property="name" column="name" />
		<result property="userid" column="userid" />
		<result property="modeid" column="modeid" />
		<result property="allocationPercentage" column="allocationpercent" />
		<result property="allocationQuantity" column="allocationquantity" />
		
	</resultMap>
	
	<select id="selectAllStockNames" resultType="string">
		select concat(s.symbol,':',e.exchangename) from (select name,alternatecode as symbol,exchangeid from stockdetails where exchangeid=1 union select name,code as symbol,exchangeid from stockdetails where exchangeid=2) as s inner join stockexchange e on e.exchangeid=s.exchangeid where  s.symbol is not null and  s.name like #{searchString} or s.symbol like #{searchString}
	</select>
	
	<select id="selectStockByStockName" resultMap="stockMap">
		select s.stockid,s.code,s.name,e.exchangename,s.leverage,g.groupid as groupid,g.name as groupname,se.sectorid,se.name as sectorname ,t.lastprice,t.createdate as lastupdatedate,d.pchange from stockdetails s inner join stockexchange e on e.exchangeid=s.exchangeid left join sector se on se.sectorid=s.sectorid left join stockgroup g on g.groupid=s.groupid left join tickdata t on t.stockid=s.stockid and t.timeframeid=#{timeFrameId}   left join dailyhighlow d on d.stockid=s.stockid where  (s.code like #{symbol} or s.name like #{name})  order BY t.ticksequence desc limit 1
	</select>
	<insert id="insertTradingMode" parameterType="tradingmode">
		INSERT INTO tradingmodes (modename, description,userid) VALUES (#{name},#{description},#{userid});
	</insert>
	<update id="editTradingMode" parameterType="tradingmode">
		UPDATE tradingmodes SET modename = #{name}, description = #{description}, createdate = now(); WHERE modeid = #{modeid};
	</update>
	<delete id="deleteTradingMode" parameterType="tradingmode">
		delete tradingmodes where modeid=#{modeid}
	</delete>
	<select id="selectTradingModes" resultMap="tradingModeMap" parameterType="integer">
		select t.modeid,t.modename,t.description,t.createdate,t.userid,t.allocationpercent from tradingmodes t
		where t.userid=#{userId}
	</select>
	<select id="selectTradingModeByName" resultMap="tradingModeMap">
		select t.modeid,t.modename,t.description,t.createdate,t.userid,t.allocationpercent from tradingmodes t
		where t.modename=#{name} and t.userid=#{userid}
	</select>
	<update id="editTradingModeValue" parameterType="tradingmode">
		UPDATE tradingmodes SET allocationpercent = #{allocationPercentage}, userid = #{userid}, createdate = now() WHERE modeid = #{modeid}
	</update>
	
	<select id="selectStockGroups" resultMap="stockgroupMap">
		SELECT g.groupid,g.name,ga.createdate,g.status,ga.userid,ga.allocationpercent,ga.allocationquantity FROM stockgroup g
		left join groupallocationmapping ga on g.groupid=ga.groupid and userid=#{userid} and modeid=#{modeid}  order by g.groupid;
	</select>
	
	<select id="selectStockGroupByName" resultMap="stockgroupMap">
		SELECT g.groupid,g.name,g.createdate,g.status,ga.userid FROM stockgroup g
		left join groupallocationmapping ga on g.groupid=ga.groupid  and modeid=#{modeid}
		 where name=#{name};
	</select>
	
	<insert id="insertStockGroupValue" parameterType="stockgroup">
		INSERT INTO groupallocationmapping (groupid, modeid, allocationpercent,allocationquantity, userid) VALUES (#{groupid}, #{modeid}, #{allocationPercentage},#{allocationQuantity}, #{userid})
	</insert>
	<update id="updateStockGroupValue" parameterType="stockgroup">
		UPDATE groupallocationmapping SET  allocationpercent = #{allocationPercentage},allocationquantity=#{allocationQuantity},createdate = now() WHERE groupid = #{groupid} and modeid = #{modeid} and userid = #{userid}
	</update>
	<select id="selectLastFiveDayPrice" resultType="double">
		select lastprice from tickdata where stockid=#{stockid} order by createdate desc limit 5
	</select>
	<select id="selectLastNDayData" resultMap="stockMap">
	    SELECT s.stockid,s.code,t.`createdate`, `open`, `high`, `low`, `lastprice`, `close`, `volume`, `ticksequence`, `timeframeid` FROM `tickdata` t INNER join stockdetails s on t.stockid=s.stockid where  s.stockid=#{stockId} order by t.createdate desc limit #{numDays}
	</select>
	
</mapper>