<?xml version="1.0" encoding="UTF-8"?>
<!DOCTYPE mapper PUBLIC "-//mybatis.org//DTD Mapper 3.0//EN"
"http://mybatis.org/dtd/mybatis-3-mapper.dtd">

<mapper namespace="com.tp.stockquote.dao.StrategyDao">

	<resultMap id="strategyMap" type="strategy">
		<result property="strategyId" column="strategyid" />
		<result property="description" column="description" />
		<result property="detailDescription" column="detialdescription" />
		<result property="createDate" column="createdate" />
		<result property="source" column="source" />
		<result property="userId" column="createid" />
		<result property="satisfaction" column="satisfactiontype" />
		<result property="entryLong" column="entrylong" />
		<result property="exitLong" column="exitlong" />
		<result property="entryShort" column="entryshort" />
		<result property="exitShort" column="exitshort" />

	</resultMap>

	<resultMap id="commentMap" type="comment">
		<result property="commentId" column="commnetid" />
		<result property="description" column="description" />
		<result property="commentDate" column="createdate" />
		<association property="user" resultMap="userMap"></association>
	</resultMap>

	<resultMap id="userMap" type="user">
		<result property="userId" column="userid" />
		<result property="firstName" column="firstname" />
		<result property="lastName" column="lastname" />
	</resultMap>

	<select id="selectAllStrategies" resultMap="strategyMap">
		select * from
		strategy where createid=#{userId}
	</select>
	<select id="selectStrategyById" resultMap="strategyMap">
		SELECT
		description,detaildescription,s.source,s.createid,f.createdate,s.likes,s.dislikes,f.formulaid,f.entrylong,f.exitlong,f.entryshort,f.exitshort
		FROM stockdb.strategy s
		inner join stockdb.formula f on s.strategyid=f.strategyid where
		s.strategyid=#{strategyId}
	</select>
	<select id="selectStrategiesByPageNumber" parameterType="map"
		resultMap="strategyMap">
		select * from strategy
		<if test='"G".equals(status)'>
			where status=#{status}
		</if>
		<if test='"P".equals(status)'>
			where createid=#{user.userId}
		</if>
		order by #{sortBy} limit 5
		<if test="lastIndex>5">
			offset #{pageNum}
		</if>
	</select>

	<select id="selectStrategiesByName" parameterType="map"
		resultMap="strategyMap">
		select * from strategy where description=#{description}
	</select>

	<!-- <insert id="insertStrategy" parameterType="strategy"> INSERT INTO strategy 
		(description, detaildescription, source,createid,createdate) VALUES (#{description}, 
		#{detailDescription},#{source},#{userId},now()) </insert> -->
	<update id="updateStrategy" parameterType="strategy">
		UPDATE strategy SET
		description = #{description}, detaildescription =
		#{detailDescription}, source = #{source}, createid = #{userId},
		createdate =now() WHERE strategyid = #{strategyId};
	</update>

	<select id="selectAllStrategyNames" resultType="string">
		select
		description from strategy where description like #{description}
	</select>
	<update id="shareStrategy" parameterType="strategy">
		update strategy set
		status='G' where strategyid=#{strategyId}
	</update>


	<select id="insertStrategy" statementType="CALLABLE"
		parameterType="java.util.Map">
		{call PROCEDURE_INSERT_UPDATE_STRATEGY(
		#{P_DESCRIPTION,
		jdbcType=VARCHAR,javaType=java.lang.String, mode=IN},
		#{P_DETAIL_DESCRIPTION, jdbcType=VARCHAR,javaType=java.lang.String,
		mode=IN},
		#{P_SOURCE, jdbcType=VARCHAR,javaType=java.lang.String,
		mode=IN},
		#{P_USERID , jdbcType=INTEGER, javaType=java.lang.Integer,
		mode=IN},
		#{P_ENTRYLONG, jdbcType=VARCHAR,javaType=java.lang.String,
		mode=IN},
		#{P_EXITLONG, jdbcType=VARCHAR,javaType=java.lang.String,
		mode=IN},
		#{P_ENTRYSHORT, jdbcType=VARCHAR,javaType=java.lang.String,
		mode=IN},
		#{P_EXITSHORT, jdbcType=VARCHAR,javaType=java.lang.String,
		mode=IN},
		#{errorCode , jdbcType=INTEGER, javaType=java.lang.Integer,
		mode=OUT,
		resultMap=strategyMap})}
	</select>

	<select id="insertStrategyComment" statementType="CALLABLE"
		parameterType="java.util.Map">
		{call PROCEDURE_INSERT_STRATEGY_COMMENT(
		#{P_STRATEGYID,
		jdbcType=INTEGER,javaType=java.lang.Integer, mode=IN},
		#{P_COMMENT ,
		jdbcType=VARCHAR, javaType=java.lang.String, mode=IN},
		#{P_USERID ,
		jdbcType=INTEGER, javaType=java.lang.Integer, mode=IN},
		#{errorCode ,
		jdbcType=INTEGER, javaType=java.lang.Integer, mode=OUT,
		resultMap=strategyMap})}
	</select>
	<select id="insertStrategySatisfaction" statementType="CALLABLE"
		parameterType="java.util.Map">
		{call PROCEDURE_INSERT_STRATEGY_SATISFACTION(
		#{P_STRATEGYID, jdbcType=INTEGER,javaType=java.lang.Integer, mode=IN},
		#{P_SATISFACTION , jdbcType=INTEGER, javaType=java.lang.Integer,
		mode=IN},
		#{P_USERID , jdbcType=INTEGER, javaType=java.lang.Integer,
		mode=IN},
		#{errorCode , jdbcType=INTEGER, javaType=java.lang.Integer,
		mode=OUT,
		resultMap=strategyMap})}
	</select>


	<select id="selectStrategyComments" resultMap="commentMap">
		select
		u.user_id,u.firstname,u.lastname,c.commentid,c.description,c.createdate
		from comment c
		inner join strategycommentmapping sc on
		sc.commentid=c.commentid
		inner join strategy s on
		s.strategyid=sc.createid
		inner join userinternal u on
		u.user_id=c.userid where sc.strategyid=#{strategyId}
	</select>

	<select id="selectStrategySatisfactionById"
		resultMap="strategyMap">
		select satisfactiontype from satisfaction s inner join
		strategysatisfactionmapping ss on s.satisfactionid=ss.satisfactionid
		where ss.strategyid=#{strategyId} and s.createid=#{userId};
	</select>

	<select id="selectSatisfactionCount"
		resultType="java.lang.Integer">
		select count(s.satisfactionid) from satisfaction s inner
		join strategysatisfactionmapping ss on
		s.satisfactionid=ss.satisfactionid group by
		satisfactiontype,ss.strategyid having satisfactiontype=#{satisfaction}
		and ss.strategyid=#{strategyId}
	</select>

</mapper>