<?xml version="1.0" encoding="UTF-8"?>
<!DOCTYPE mapper PUBLIC "-//mybatis.org//DTD Mapper 3.0//EN"
"http://mybatis.org/dtd/mybatis-3-mapper.dtd">

<mapper namespace="com.tp.stockquote.dao.UserMapper">

	<resultMap id="result" type="user">
		<result property="userId" column="user_id" />
		<result property="firstName" column="firstName" />
		<result property="lastName" column="lastName" />
		<result property="password" column="password" />
		<result property="emailAddress" column="email" />
		<result property="phone" column="phone" />
		<result property="balance" column="amount" />
		<result property="modebalance" column="modeamount" />
	</resultMap>

	<select id="getUserByUserName"  resultMap="result"
		statementType="PREPARED" resultSetType="FORWARD_ONLY" fetchSize="1">
		<if test="_databaseId == 'mysql'">
			SELECT user_id,
			FIRSTNAME as firstName, LASTNAME as lastName, email as email,password,phone,address,b.amount,b.modeamount
			FROM userinternal u
            left join balance b on u.user_id=b.userid
            WHERE email = #{userName}
		</if>
		<if test="password!=null">
			and password=#{password}
		</if>
		<!-- <if test="_databaseId == 'db2'">
			SELECT
			FIRSTNAME as firstName, LASTNAME as lastName,
			EMAILADDRESS as email
			FROM
			msgadmin WHERE EMAILADDRESS = #{email};
		</if> -->
	</select>
	
	<select id="insertUser" statementType="CALLABLE"
		parameterType="java.util.Map">
		{call PROCEDURE_USER_INSERT(
		#{P_FIRSTNAME, jdbcType=VARCHAR, javaType=java.lang.String, mode=IN},
		#{P_LASTNAME, jdbcType=VARCHAR, javaType=java.lang.String, mode=IN},
		#{P_EMAIL, jdbcType=VARCHAR, javaType=java.lang.String, mode=IN},
		#{P_ADDRESS,jdbcType=VARCHAR, javaType=java.lang.String, mode=IN},
		#{P_PHONE, jdbcType=VARCHAR, javaType=java.lang.String, mode=IN},
		#{P_PASSWORD, jdbcType=VARCHAR, javaType=java.lang.String, mode=IN},
		#{errorCode, jdbcType=INTEGER, javaType=java.lang.Integer, mode=OUT,
		resultMap=result})}
	</select>
	
	
	<select id="selectUserByuserId"  resultMap="result">
		select * from userinternal where user_id=#{userId}
	</select>
</mapper>